Category,Correlation
Waste Management,-0.009845401195782522
Travel Smart,-0.0036145816320769923
Eat Sustainable,0.5454143581229033
Conserve Energy,-0.24418239549009155
