mean_cc,sd_cc,median_cc,IQR_cc,mean_pb,sd_pb,median_pb,IQR_pb
4.586666666666667,0.6823163163486241,5,0.666666666666667,3.4,0.9670497325294006,3.3333333333333335,1
